{"cameraMode":{"drawMode":0,"name":"Shaded","section":"Shading Mode"},"sceneLighting":true,"audioPlay":false,"sceneViewState":{"showFog":true,"showMaterialUpdate":false,"showSkybox":true,"showFlares":true,"showImageEffects":true,"showParticleSystems":true},"in2DMode":false,"pivot":{"x":1168.2354736328125,"y":473.3404235839844,"z":803.5596923828125},"rotation":{"x":0.16934187710285188,"y":-0.21310871839523316,"z":0.03747463598847389,"w":0.9615790247917175},"size":68.68096923828125,"orthographic":false}