{"cameraMode":{"drawMode":0,"name":"Shaded","section":"Shading Mode"},"sceneLighting":true,"audioPlay":false,"sceneViewState":{"showFog":true,"showMaterialUpdate":false,"showSkybox":false,"showFlares":true,"showImageEffects":true,"showParticleSystems":true},"in2DMode":false,"pivot":{"x":210.00100708007813,"y":136.62350463867188,"z":887.0552978515625},"rotation":{"x":0.16934187710285188,"y":-0.21310871839523316,"z":0.03747463598847389,"w":0.9615790247917175},"size":41.45077133178711,"orthographic":false}