{"cameraMode":{"drawMode":0,"name":"Shaded","section":"Shading Mode"},"sceneLighting":true,"audioPlay":false,"sceneViewState":{"showFog":true,"showMaterialUpdate":false,"showSkybox":true,"showFlares":true,"showImageEffects":true,"showParticleSystems":true},"in2DMode":false,"pivot":{"x":1319.836181640625,"y":838.93359375,"z":1141.938232421875},"rotation":{"x":-0.07418797165155411,"y":0.3048871159553528,"z":0.023829471319913865,"w":0.9491973519325256},"size":2739.768798828125,"orthographic":false}